Workbook

Sheet Dashboard
B2: DASHBOARD DE VENDAS | 2026
B3: Visão geral do desempenho comercial • Dados demonstrativos fictícios • Atualizado até 17/10/2026
B5: FATURAMENTO TOTAL | E5: UNIDADES VENDIDAS | H5: Nº DE VENDAS | K5: TICKET MÉDIO
B6: =SUM('Base de Dados'!I2:I241) | E6: =SUM('Base de Dados'!G2:G241) | H6: =COUNTA('Base de Dados'!A2:A241) | K6: =IFERROR(SUM('Base de Dados'!I2:I241)/COUNTA('Base de Dados'!A2:A241),0)
B10: MÊS | C10: FATURAMENTO (R$) | E10: CATEGORIA | F10: FATURAMENTO (R$) | H10: REGIÃO | I10: FATURAMENTO (R$)
B11: 46023 | C11: =SUMIFS('Base de Dados'!$I$2:$I$241,'Base de Dados'!$B$2:$B$241,">="&DATE(2026,1,1),'Base de Dados'!$B$2:$B$241,"<"&EDATE(DATE(2026,1,1),1)) | E11: Informática | F11: =SUMIF('Base de Dados'!$E$2:$E$241,E11,'Base de Dados'!$I$2:$I$241) | H11: Sudeste | I11: =SUMIF('Base de Dados'!$C$2:$C$241,H11,'Base de Dados'!$I$2:$I$241)
B12: 46054 | C12: =SUMIFS('Base de Dados'!$I$2:$I$241,'Base de Dados'!$B$2:$B$241,">="&DATE(2026,2,1),'Base de Dados'!$B$2:$B$241,"<"&EDATE(DATE(2026,2,1),1)) | E12: Acessórios | F12: =SUMIF('Base de Dados'!$E$2:$E$241,E12,'Base de Dados'!$I$2:$I$241) | H12: Sul | I12: =SUMIF('Base de Dados'!$C$2:$C$241,H12,'Base de Dados'!$I$2:$I$241)
B13: 46082 | C13: =SUMIFS('Base de Dados'!$I$2:$I$241,'Base de Dados'!$B$2:$B$241,">="&DATE(2026,3,1),'Base de Dados'!$B$2:$B$241,"<"&EDATE(DATE(2026,3,1),1)) | E13: Telefonia | F13: =SUMIF('Base de Dados'!$E$2:$E$241,E13,'Base de Dados'!$I$2:$I$241) | H13: Nordeste | I13: =SUMIF('Base de Dados'!$C$2:$C$241,H13,'Base de Dados'!$I$2:$I$241)
B14: 46113 | C14: =SUMIFS('Base de Dados'!$I$2:$I$241,'Base de Dados'!$B$2:$B$241,">="&DATE(2026,4,1),'Base de Dados'!$B$2:$B$241,"<"&EDATE(DATE(2026,4,1),1)) | H14: Centro-Oeste | I14: =SUMIF('Base de Dados'!$C$2:$C$241,H14,'Base de Dados'!$I$2:$I$241)
B15: 46143 | C15: =SUMIFS('Base de Dados'!$I$2:$I$241,'Base de Dados'!$B$2:$B$241,">="&DATE(2026,5,1),'Base de Dados'!$B$2:$B$241,"<"&EDATE(DATE(2026,5,1),1)) | H15: Norte | I15: =SUMIF('Base de Dados'!$C$2:$C$241,H15,'Base de Dados'!$I$2:$I$241)
B16: 46174 | C16: =SUMIFS('Base de Dados'!$I$2:$I$241,'Base de Dados'!$B$2:$B$241,">="&DATE(2026,6,1),'Base de Dados'!$B$2:$B$241,"<"&EDATE(DATE(2026,6,1),1))
B17: 46204 | C17: =SUMIFS('Base de Dados'!$I$2:$I$241,'Base de Dados'!$B$2:$B$241,">="&DATE(2026,7,1),'Base de Dados'!$B$2:$B$241,"<"&EDATE(DATE(2026,7,1),1))
B18: 46235 | C18: =SUMIFS('Base de Dados'!$I$2:$I$241,'Base de Dados'!$B$2:$B$241,">="&DATE(2026,8,1),'Base de Dados'!$B$2:$B$241,"<"&EDATE(DATE(2026,8,1),1))
B19: 46266 | C19: =SUMIFS('Base de Dados'!$I$2:$I$241,'Base de Dados'!$B$2:$B$241,">="&DATE(2026,9,1),'Base de Dados'!$B$2:$B$241,"<"&EDATE(DATE(2026,9,1),1))
B20: 46296 | C20: =SUMIFS('Base de Dados'!$I$2:$I$241,'Base de Dados'!$B$2:$B$241,">="&DATE(2026,10,1),'Base de Dados'!$B$2:$B$241,"<"&EDATE(DATE(2026,10,1),1))
B21: 46327 | C21: =SUMIFS('Base de Dados'!$I$2:$I$241,'Base de Dados'!$B$2:$B$241,">="&DATE(2026,11,1),'Base de Dados'!$B$2:$B$241,"<"&EDATE(DATE(2026,11,1),1))
B22: 46357 | C22: =SUMIFS('Base de Dados'!$I$2:$I$241,'Base de Dados'!$B$2:$B$241,">="&DATE(2026,12,1),'Base de Dados'!$B$2:$B$241,"<"&EDATE(DATE(2026,12,1),1))
H40: COMO USAR 1. Consulte os indicadores no topo. 2. Explore os gráficos para comparar mês, categoria e região. 3. Para atualizar, acrescente novas linhas à tabela na aba Base de Dados. Observação: valores e transações são fictícios para fins didáticos.

Sheet Base de Dados
A1: ID Venda | B1: Data | C1: Região | D1: Vendedor | E1: Categoria | F1: Produto | G1: Quantidade | H1: Preço Unitário (R$) | I1: Faturamento (R$) | J1: Forma de Pagamento
A2: V0001 | B2: 46080 | C2: Sul | D2: Ana Souza | E2: Informática | F2: Notebook | G2: 3 | H2: 3069.38 | I2: 9208.14 | J2: Pix
A3: V0002 | B3: 46239 | C3: Norte | D3: Fernanda Costa | E3: Informática | F3: Notebook | G3: 1 | H3: 3055.94 | I3: 3055.94 | J3: Pix
A4: V0003 | B4: 46310 | C4: Centro-Oeste | D4: Bruno Lima | E4: Acessórios | F4: Mouse | G4: 2 | H4: 98.06 | I4: 196.12 | J4: Boleto
A5: V0004 | B5: 46165 | C5: Centro-Oeste | D5: Carla Mendes | E5: Informática | F5: Notebook | G5: 3 | H5: 3025.75 | I5: 9077.25 | J5: Cartão de débito
A6: V0005 | B6: 46102 | C6: Sudeste | D6: Diego Alves | E6: Acessórios | F6: Mouse | G6: 4 | H6: 92.52 | I6: 370.08 | J6: Pix
A7: V0006 | B7: 46206 | C7: Centro-Oeste | D7: Fernanda Costa | E7: Telefonia | F7: Smartphone | G7: 2 | H7: 2203.2 | I7: 4406.4 | J7: Pix
A8: V0007 | B8: 46216 | C8: Norte | D8: Carla Mendes | E8: Informática | F8: Monitor | G8: 2 | H8: 1000.07 | I8: 2000.14 | J8: Cartão de crédito
A9: V0008 | B9: 46058 | C9: Sudeste | D9: Bruno Lima | E9: Informática | F9: Notebook | G9: 2 | H9: 3339.81 | I9: 6679.62 | J9: Pix
A10: V0009 | B10: 46217 | C10: Sul | D10: Carla Mendes | E10: Acessórios | F10: Headset | G10: 2 | H10: 252.83 | I10: 505.66 | J10: Cartão de débito
A11: V0010 | B11: 46130 | C11: Sudeste | D11: Fernanda Costa | E11: Acessórios | F11: Headset | G11: 2 | H11: 247.05 | I11: 494.1 | J11: Cartão de crédito
A12: V0011 | B12: 46296 | C12: Norte | D12: Bruno Lima | E12: Acessórios | F12: Mouse | G12: 1 | H12: 93.17 | I12: 93.17 | J12: Cartão de débito
A13: V0012 | B13: 46051 | C13: Centro-Oeste | D13: Carla Mendes | E13: Acessórios | F13: Mouse | G13: 3 | H13: 99.64 | I13: 298.92 | J13: Pix
... A241: V0240 | B241: 46101 | C241: Sudeste | D241: Fernanda Costa | E241: Informática | F241: Impressora | G241: 4 | H241: 764.03 | I241: 3056.12 | J241: Cartão de crédito

Sheet Instruções
B2: GUIA DO PROJETO — DASHBOARD DE VENDAS
B4: Objetivo | C4: Transformar uma base tabular em indicadores visuais para apoiar a análise de vendas.
B5: Dados utilizados | C5: Base demonstrativa criada para este projeto, com 240 vendas fictícias entre janeiro e outubro de 2026. Não representa uma empresa real.
B6: Aba Dashboard | C6: Apresenta faturamento total, unidades vendidas, número de vendas, ticket médio e gráficos por mês, categoria e região.
B7: Aba Base de Dados | C7: Contém os registros de vendas em formato de Tabela do Excel, com filtros e formatação de moeda/data.
B8: Aba Instruções | C8: Explica a finalidade do projeto e como reproduzir/atualizar os dados.
B9: Como atualizar | C9: Na aba Base de Dados, adicione novos registros abaixo da tabela, mantendo as mesmas colunas e formatos. Confira se as fórmulas e os gráficos abrangem as novas linhas.
B10: Reprodução | C10: Abra Dashboard_Vendas_DIO.xlsx no Microsoft Excel ou em um aplicativo compatível. Habilite a edição, se solicitado. As fórmulas e os gráficos são recalculados pelo aplicativo.
B11: Tecnologias | C11: Microsoft Excel, tabelas estruturadas, fórmulas SUM, COUNTA, IFERROR, SUMIFS e SUMIF, gráficos de coluna, pizza e linha.
